한국어,로마자화,영어,일본어,중국어 간체,중국어 번체
팥빙수,patbingsu,Shaved Ice with Red Bean Topping,氷小豆,红豆刨冰,紅豆刨冰
인삼차,insamcha,Ginseng Tea,高麗人蔘茶,人参茶,人蔘茶
유자화채,yujahwachae,Citrus Punch,柚子ポンチ,柚子甜茶,柚子甜茶
유자차,yujacha,Citrus Tea,柚子茶,柚子茶,柚子茶
오미자화채,omijahwachae,Omija Punch,五味子ポンチ,五味子甜茶,五味子甜茶
쌍화차,ssanghwacha,Medicinal Herb Tea,双和茶,双和茶,雙和茶
식혜,sikhye,Sweet Rice Punch,シケ,甜米露,甜米露
수정과,sujeonggwa,Cinnamon Punch,スジョングァ,水正果（生姜桂皮茶）,水正果
생강차,saenggangcha,Ginger Tea,生姜茶,姜茶,薑茶
미숫가루,misutgaru,Roasted Grain Powder,ミスッカル,油茶面,油茶麵
모과차,mogwacha,Quince Tea,カリン茶,木梨茶,木梨茶
매실차,maesilcha,Green Plum Tea,梅茶,青梅茶,青梅茶
막걸리,makgeolli,Unrefined Rice Wine,マッコリ,马格利酒,馬格利酒
대추차,daechucha,Jujube Tea,なつめ茶,红枣茶,紅棗茶
단호박식혜,danhobaksikhye,Pumkin Sweet Rice Punch,かぼちゃのシケ,甜南瓜甜米露,甜南瓜甜米露
녹차,nokcha,Green Tea,緑茶,绿茶,綠茶
구기자차,gugijacha,Wolfberry Tea,クコの実茶,枸杞茶,枸杞茶
흑임자다식,heugimjadasik,Black Sesame Tea Confectionery,黒ゴマらくがん,黑芝麻茶食,黑芝麻茶食
약과,yakgwa,Honey Cookie,薬菓,药果（蜜油饼）,藥果
수삼정과,susamjeonggwa,Briased Ginseng in Sweet Sauce,生高麗人蔘の砂糖煮,水参蜜饯,水參蜜餞
송화다식,songhwadasik,Pine Flower Powder Tea Confectionery,松花粉らくがん,松花茶食,松花茶食
산자,sanja,Fried Rice Squares,四角い油菓,馓子油蜜果,馓子油蜜果
매작과,maejakgwa,Fried Twist,梅雀菓,梅雀果,梅雀果
도라지정과,dorajijeonggwa,Briased Bellflower Root in Sweet Sauce,桔梗の根の砂糖煮,桔梗蜜饯,桔梗蜜餞
다식,dasik,Tea Confectionery,らくがん,茶食,茶食
곶감,gotgam,Dried Whole Persimmon,干し柿,柿饼,柿餅
강정,Gangjeong,Sweet Rice Puffs,おこし,江米块,江米塊
감말랭이,gammallaengi,Dried Persimmon,干し柿のスライス,柿子干,柿子乾
화전,Hwajeon,Pan-fried Flower Rice Cake,花びらのチヂミ,花煎糕,花煎糕
호떡,hotteok,Syrup-filled Pancake,ホットク,糖饼,糖餅
찹쌀떡,chapssaltteok,Sweet Rice Cake with Red Bean Filling,あんこ餅,红豆馅糯米糕,紅豆餡糯米糕
증편,Jeungpyeon,Raised Rice Cake,発酵蒸し餅,发糕,發糕
절편,jeolpyeon,Patterned Rice Cake,型押し餅,片糕,片糕
인절미,injeolmi,Bean-powder-coated Rice Cake,黄な粉餅,打糕,打糕
약식,Yaksik,Sweet Rice with Nuts and Jujubes,おこわ,韩式八宝饭,韓式八寶飯
쑥떡,ssuktteok,Mugwort Rice Cake,よもぎ餅,艾草糕,艾草糕
시루떡,sirutteok,Steamed Rice Cake,シルトク,蒸糕,蒸糕
수수팥떡,susupattteok,Red-bean-coated Millet Rice Cake,小豆きび餅,红豆高粱糕,紅豆高粱糕
송편,songpyeon,Half-moon Rice Cake,ソンピョン,松糕,松糕
백설기,Baekseolgi,Snow White Rice Cake,蒸し餅,白雪糕,白雪糕
무지개떡,mujigaetteok,Rainbow Rice Cake,虹色のシルトク,彩虹糕,彩虹糕
녹두시루떡,nokdusirutteok,Mung Bean Steamed Rice Cake,緑豆のシルトク,绿豆蒸糕,綠豆蒸糕
꿀떡,Kkultteok,Honey-filled Rice Cake,蜂蜜餅,蜜糕,蜜糕
깨경단,kkaegyeongdan,Sesame Sweet Rice Balls,ゴマ団子,芝麻琼团糕,芝麻瓊團糕
경단,gyeongdan,Sweet Rice Balls,団子,琼团糕,瓊團糕
감자떡,Gamjatteok,Potato Cake,じゃがいも餅,土豆糕,土豆糕
가래떡,garaetteok,Rice Cake Stick,カレトク,长条年糕,長條年糕
채만두,Chaemandu,Buckwheat Dumpling,そば餃子,荞麦素饺,蕎麥素餃
왕만두,wangmandu,Jumbo Sized Dumpling,王餃子,大包子,大包子
송어만두,Songeomandu,Trout Dumpling,マス餃子,鳟鱼饺子,鱒魚餃子
물만두,mulmandu,Boiled Dumpling,水餃子,水饺,水餃
만둣국,Mandutguk,Dumpling Soup,餃子スープ,饺子汤,餃子湯
만두,Mandu,Dumplings,餃子,饺子,餃子
떡만둣국,Tteongmandutguk,Sliced Rice Cake and DumplingSoup,餅と餃子のスープ,年糕饺子汤,年糕餃子湯
김치만두,kimchimandu,Kimchi Dumpling,キムチ餃子,辛奇饺子,辛奇餃子
군만두,gunmandu,Pan-fried Dumpling,焼き餃子,煎饺,煎餃
고기만두,gogimandu,Meat Dumpling,肉餃子,肉饺,肉餃
갈비만두,galbimandu,Pork Rib Dumpling,カルビ餃子,排骨饺子,排骨餃子
포기김치,pogikimchi,Kimchi,白菜キムチ,整棵辛奇,整棵辛奇
파김치,Pakimchi,Green Onion Kimchi,ねぎキムチ,葱辛奇,蔥辛奇
총각김치,Chonggakkimchi,Whole Radish Kimchi,ミニ大根キムチ,小萝卜辛奇,嫩萝卜辛奇
오이소박이,Oisobagi,Cucumber Kimchi,キュウリキムチ,黄瓜辛奇,黃瓜辛奇
열무얼갈이김치,yeolmueolgarikimchi,Young Summer Radish and Winter Cabbage Kimchi,大根若菜と山東菜キムチ,萝卜缨冬白菜辛奇,蘿蔔纓冬白菜辛奇
열무김치,Yeolmukimchi,Young Summer Radish Kimchi,大根若菜キムチ,萝卜缨辛奇,蘿蔔纓辛奇
석박지,seokbakji,Radish and Cabbage Kimchi,白菜と大根のキムチ,白菜萝卜辛奇,白菜蘿蔔辛奇
부추김치,buchukimchi,Chive Kimchi,ニラキムチ,韭菜辛奇,韭菜辛奇
봄동겉절이,bomdonggeotjeori,Fresh Winter Cabbage Kimchi,浅漬け春白菜,鲜辣春白菜,鮮辣春白菜
보쌈김치,Bossamkimchi,Wrapped Kimchi,ポサムキムチ,包卷辛奇,包卷辛奇
백김치,baekkimchi,White Kimchi,白キムチ,白辛奇,白辛奇
배추김치,Baechukimchi,Kimchi,白菜キムチ,辛奇,辛奇
배추겉절이,baechugeotjeori,Fresh Cabbage Kimchi,浅漬け白菜,鲜辛奇,鮮辛奇
동치미,Dongchimi,Radish Water Kimchi,大根の水キムチ,水萝卜辛奇,水蘿蔔辛奇
돌미나리물김치,dolminarimulkimchi,Wild Parsley Water Kimchi,野芹の水キムチ,野生水芹水辛奇,野生水芹水辛奇
돌나물물김치,dolnamulmulkimchi,Stringy Stonecrop Water Kimchi,ツルマンネングサの水キムチ,垂盆草水辛奇,垂盆草水辛奇
나박김치,nabakkimchi,Water Kimchi,大根と白菜の水キムチ,萝卜片水辛奇,蘿蔔片水辛奇
깻잎김치,Kkaennipkimchi,Perilla Leaf Kimchi,エゴマの葉キムチ,苏子叶辛奇,蘇子葉辛奇
깍두기,Kkakdugi,Diced Radish Kimchi,カクトゥギ,萝卜块辛奇,蘿蔔塊辛奇
고들빼기김치,godeulppaegikimchi,Bitter Lettuce Kimchi,イヌヤクシ草キムチ,苦菜辛奇,苦菜辛奇
겉절이,Geotjeori,Fresh Kimchi,浅漬けキムチ,鲜辛奇,鮮辛奇
갓김치,gatkimchi,Leaf Mustard Kimchi,カラシナキムチ,芥菜辛奇,芥菜辛奇
회무침,Hoemuchim,Spicy Raw Fish Salad,刺身の和え物,凉拌生鱼片,涼拌生魚片
홍어회무침,Hongeohoemuchim,Sliced Raw Skate Salad,ガンギエイの刺身の和え物,生拌斑鳐,生拌斑鰩
한치회무침,hanchihoemuchim,Sliced Raw Swordtip Squid Salad,ケンサキイカの刺身の和え物,生拌小鱿鱼,生拌小魷魚
한치물회,hanchimulhoe,Cold Raw Swordtip Squid Soup,ケンサキイカ入り冷やしスープ,水拌小鱿鱼片,水拌小魷魚片
전어회,jeoneohoe,Sliced Raw Gizzard Shad,コノシロの刺身,斑鰶生鱼片,斑鰶生魚片
전어무침,jeoneomuchim,Gizzard Shad Salad,コノシロの和え物,生拌斑鰶,生拌斑鰶
자리물회,jarimulhoe,Cold Raw Pearl-spot Chromis Soup,スズメダイ入り冷やしスープ,水拌雀鲷鱼片,水拌雀鯛魚片
육회,Yukhoe,Beef Tartare,ユッケ,生拌牛肉,生拌牛肉
오징어물회,ojingeomulhoe,Cold Raw Squid Soup,イカ入り冷やしスープ,水拌鱿鱼片,水拌魷魚片
송어회,songeohoe,Sliced Raw Trout,マスの刺身,鳟鱼生鱼片,鱒魚生魚片
생선회,Saengseonhoe,Sliced Raw Fish,刺身,生鱼片,生魚片
산낙지,sannakji,Live Octopus,テナガダコの刺身,活章鱼,活章魚
민어회,mineohoe,Sliced Raw Croaker,ニベの刺身,黄姑鱼生鱼片,黃姑魚生魚片
물회,Mulhoe,Cold Raw Fish Soup,刺身入り冷やしスープ,水拌生鱼片,水拌生魚片
문어숙회,muneosukhoe,Parboiled Octopus,ゆでタコ,白灼章鱼,白灼章魚
문어삼합,Muneosamhap,Octopus Skate and Pork Combo,タコのサムハプ,章鱼三合,章魚三合
모둠회,Modumhoe,Assorted Sliced Raw Fish,刺身の盛り合わせ,生鱼片拼盘,生魚片拼盤
두부삼합,Dubusamhap,Bean Curd Pork and Aged Kimchi Combo,豆腐のサムハプ,豆腐三合,豆腐三合
광어회,Gwangeohoe,Sliced Raw Flatfish,ヒラメの刺身,左口鱼生鱼片,左口魚生魚片
과메기,Gwamegi,Half-dried Saury,半干しさんま,秋刀鱼干,秋刀魚幹
강어회,Gangeohoe,Sliced Raw Leather Carp,カガミゴイの刺身,德国镜鲤生鱼片,德國鏡鯉生魚片
황석어젓,hwangseogeojeot,Salted Small Yellow Croaker,金石魚の塩辛,小黄花鱼酱,小黃花魚醬
조개젓,jogaejeot,Salted Clam Meat,貝の塩辛,蛤蜊酱,蛤蜊醬
젓갈,Jeotgal,Salted Seafood,塩辛,鱼虾酱,魚蝦醬
오징어젓,ojingeojeot,Salted Squid,イカの塩辛,鱿鱼酱,魷魚醬
어리굴젓,eoriguljeot,Spicy Salted Oysters,味付けカキの塩辛,辣牡蛎酱,辣牡蠣醬
새우젓,Saeujeot,Salted Shrimp,アミの塩辛,虾酱,蝦醬
명태식해,myeongtaesikhae,Salted and Fermented Pollack,スケトウダラの塩辛,发酵明太鱼酱,發酵明太魚醬
명란젓,myeongnanjeot,Salted Pollack Roe,明太子の塩辛,明太鱼子酱,明太魚子醬
멸치젓,Myeolchijeot,Salted Anchovies,カタクチイワシの塩辛,鳀鱼酱,鳀魚醬
낙지젓,nakjijeot,Salted Octopus,テナガダコの塩辛,章鱼酱,章魚醬
꼴뚜기젓,kkolttugijeot,Salted Beka Squid,ベイカの塩辛,墨鱼仔酱,墨魚仔醬
갈치젓,galchijeot,Salted Cutlassfish,太刀魚の塩辛,带鱼酱,帶魚醬
호박전,hobakjeon,Pan-fried Battered Zucchini,ズッキーニのチヂミ,香煎西葫芦,香煎西葫蘆
해물파전,Haemulpajeon,Seafood and Green Onion Pancake,海鮮とねぎのチヂミ,海鲜葱煎饼,海鮮蔥煎餅
해물부추전,haemulbuchujeon,Seafood and Chive Pancake,海鮮とニラのチヂミ,海鲜韭菜煎饼,海鮮韭菜煎餅
파전,Pajeon,Green Onion Pancake,ねぎのチヂミ,葱煎饼,蔥煎餅
파래전,paraejeon,Green Laver Pancake,青海苔のチヂミ,海青菜煎饼,海青菜煎餅
육전,Yukjeon,Pan-fried Battered Beef,牛肉のチヂミ,香煎肉片,香煎肉片
오징어튀김,ojingeotwigim,Deep-fried Squid,イカ天ぷら,炸鱿鱼,炸魷魚
연근전,yeongeunjeon,Pan-fried Battered Lotus Roots,れんこん天ぷら,香煎莲藕,香煎蓮藕
야채튀김,yachaetwigim,Deep-fried Vegetables,野菜天ぷら,炸蔬菜,炸蔬菜
애호박전,aehobakjeon,Pan-fried Battered Zuccinni,ズッキーニのチヂミ,香煎西葫芦,香煎西葫蘆
수수부꾸미,susubukkumi,Pan-fried Millet Rice Cake,焼ききび餅,高粱煎糕,高粱煎糕
생선전,saengseonjeon,Pan-fried Battered Fish-fillets,白身魚のチヂミ,香煎鱼片,香煎魚片
새우튀김,saeutwigim,Deep-fried Shrimp,海老天ぷら,炸虾,炸蝦
빈대떡,bindaetteok,Mung Bean Pancake,ピンデトク,绿豆煎饼,綠豆煎餅
부추전,buchujeon,Chive Pancake,にらのチヂミ,韭菜煎饼,韭菜煎餅
부각,bugak,Vegetable and Seaweed Chips,海藻・野菜のパリパリ揚げ,干炸片,乾炸片
복튀김,boktwigim,Deep-fried Puffer Fish,ふぐ天ぷら,炸河豚,炸河豚
버섯전,beoseotjeon,Pan-fried Battered Mushrooms,きのこのチヂミ,蘑菇煎饼,蘑菇煎餅
배추전,baechujeon,Cabbage Pancake,白菜のチヂミ,白菜煎饼,白菜煎餅
미나리전,minarijeon,Water Parsley Pancake,セリのチヂミ,水芹煎饼,水芹煎餅
미꾸라지튀김,mikkurajitwigim,Deep-fried Loach,どじょう天ぷら,炸泥鳅,炸泥鰍
모둠전,modumjeon,Assorted Savory Pancakes,チヂミの盛り合わせ,煎饼拼盘,煎餅拼盤
메밀전병,memiljeonbyeong,Buckwheat Crepe,そば粉の薄皮巻き,荞麦煎饼,蕎麥煎餅
두부전,dubujeon,Pan-fried Battered Bean Curd,豆腐のチヂミ,香煎豆腐,香煎豆腐
동태전,dongtaejeon,Pan-fried Battered Pollack Fillet,スケトウダラのチヂミ,香煎冻明太鱼片,香煎凍明太魚片
동그랑땡,donggeurangttaeng,Meat Fritters,肉団子のチヂミ,香煎肉饼,香煎肉餅
단호박튀김,danhobaktwigim,Deep-fried Pumkin,カボチャ天ぷら,炸甜南瓜,炸甜南瓜
단군신화전,dangunsinhwajeon,Pan-fried Battered Kimchi Roll with Garlic and Beef,檀君神話チヂミ,檀君神话辛奇卷,檀君神話辛奇卷
다시마부각,dasimabugak,Kelp Chips,昆布のパリパリ揚げ,干炸昆布片,乾炸昆布片
녹두전,nokdujeon,Mung Bean Pancake,緑豆のチヂミ,绿豆煎,綠豆煎
꼬막전,kkomakjeon,Pan-fried Battered Cockles,ハイガイのチヂミ,香煎血蚶,香煎泥蚶
깻잎전,kkaennipjeon,Pan-fried Battered Perilla Leaves,エゴマの葉のチヂミ,香煎苏子叶,香煎蘇子葉
김치전,kimchijeon,Kimchi Pancake,キムチのチヂミ,辛奇煎饼,辛奇煎餅
김부각,gimbugak,Laver Chips,のりのパリパリ揚げ,干炸紫菜片,乾炸紫菜片
김말이튀김,gimmaritwigim,Deep-fried Laver Roll,春雨のり巻き天ぷら,炸紫菜卷,炸紫菜捲
굴전,guljeon,Pan-fried Battered Oyster,カキのチヂミ,香煎牡蛎,香煎牡蠣
고추전,gochujeon,Pan-fried Battered Chili Pepper,青唐辛子のチヂミ,香煎尖椒,香煎尖椒
고추부각,gochubugak,Chili Pepper Chips,唐辛子のパリパリ揚げ,干炸辣椒片,乾炸辣椒片
고구마튀김,gogumatwigim,Deep-fried Sweet Potatoes,さつまいも天ぷら,炸红薯,炸紅薯
계란말이,gyeranmari,Rolled Omelet,卵焼き,鸡蛋卷,雞蛋捲
감자전,gamjajeon,Potato Pancake,じゃがいものチヂミ,土豆煎饼,土豆煎餅
가자미전,gajamijeon,Pan-fried Battered Plaice,カレイのチヂミ,香煎鲽鱼片,香煎鰈魚片
콩잎장아찌,kongnipjangajji,Pickled Bean Leaf,豆の葉の漬物,豆叶酱菜,豆葉醬菜
죽순장아찌,juksunjangajji,Pickled Bamboo Shoot,竹の子の漬物,竹笋酱菜,竹筍醬菜
장아찌,jangajji,Pickled Vegetables,漬物,酱菜,醬菜
오이지,oiji,Pickled Cucumber,キュウリの漬物,腌黄瓜,醃黃瓜
양파장아찌,yangpajangajji,Pickled Onion,玉ねぎの漬物,洋葱酱菜,洋蔥醬菜
양념게장,yangnyeomgejang,Spicy Marinated Crab,味付けケジャン,鲜辣生蟹,鮮辣生蟹
새우장,saeujang,Soy Sauce Marinated Shrimp,カンジャンセウ,酱生虾,醬生蝦
무장아찌,mujangajji,Pickled Radish,大根の漬物,萝卜酱菜,蘿蔔醬菜
무말랭이장아찌,mumallaengijangajji,Pickled Dried Radish,干し大根の漬物,萝卜干酱菜,蘿蔔幹醬菜
명이나물장아찌,myeonginamuljangajji,Pickled Victory Onion,行者にんにくの葉の漬物,茖葱叶酱菜,茖蔥葉醬菜
매실장아찌,maesiljangajji,Pickled Green Plum,梅の漬物,青梅酱菜,青梅醬菜
마늘종장아찌,maneuljongjangajji,Pickled Garlic Stem,にんにくの茎の漬物,蒜薹酱菜,蒜薹醬菜
마늘장아찌,maneuljangajji,Pickled Garlic,にんにくの漬物,大蒜酱菜,大蒜醬菜
두릅장아찌,dureupjangajji,Pickled Fatsia Shoot,タラの芽の漬物,刺嫩芽酱菜,刺嫩芽醬菜
더덕장아찌,deodeokjangajji,Pickled Deodeok,蔓人参の漬物,沙参酱菜,沙參醬菜
노각장아찌,nogakjangajji,Pickled Yellow Cucumber,老いキュウリの漬物,老黄瓜酱菜,老黃瓜醬菜
깻잎지,kkaennipji,Pickled Perilla Leaf,エゴマの葉の漬物,苏子叶酱菜,蘇子葉醬菜
김장아찌,gimjangajji,Pickled Laver,のりの漬物,紫菜酱菜,紫菜醬菜
고추장아찌,gochujangajji,Pickled Chili Peppers,唐辛子の漬物,辣椒酱菜,辣椒醬菜
간장게장,ganjanggejang,Soy Sauce Marinated Crab,カンジャンケジャン,酱生蟹,醬生蟹
가죽장아찌,gajukjangajji,Pickled Red Toon Shoot,チャンチンの若芽の漬物,椿芽酱菜,椿芽醬菜
초고추장,chogochujang,Sweet and Sour Red Chili Paste,チョゴチュジャン,糖醋辣酱,糖醋辣醬
초간장,choganjang,Vinegar Soy Sauce,チョガンジャン,酱油醋,醬油醋
쌈장,ssamjang,Red Chili and Soybean Paste,サムジャン,包饭酱,包飯醬
볶음고추장,bokkeumgochujang,Stir-fried Red Chili Paste,炒めコチュジャン,炒辣椒酱,炒辣椒醬
막장,makjang,Fermented Soybean Paste with Red Chili Powder,マクチャン,剁椒豆酱,剁椒豆醬
된장,doenjang,Soybean Paste,テンジャン,大酱,大醬
고추장,gochujang,Red Chili Paste,コチュジャン,辣椒酱,辣椒醬
간장,ganjang,Soy Sauce,カンジャン,酱油,醬油
LA갈비,LA galbi,Marinated Grilled Ribs,LAカルビ,LA排骨,LA排骨
훈제오리,hunjeori,Smoked Duck,鴨の燻製,烟熏鸭肉,煙熏鴨肉
황태구이,hwangtaegui,Grilled Dried Pollack,スケトウダラ焼き,烤干明太鱼,烤乾明太魚
코다리구이,kodarigui,Grilled Half-dried Pollack,半干しスケトウダラ焼き,烤半干明太鱼,烤半乾明太魚
차돌박이구이,chadolbagigui,Grilled Beef Brisket,牛のともばら肉焼き,烤牛胸肉,烤牛胸肉
조개구이,jogaegui,Grilled Clams,貝焼き,烤贝壳,烤貝殼
전어구이,jeoneogui,Grilled Gizzard Shad,コノシロ焼き,烤斑鰶,烤斑鰶
전복구이,jeonbokgui,Grilled Abalone,アワビ焼き,烤鲍鱼,烤鮑魚
장작구이통닭,jangjakguitongdak,Wood-grilled Chicken,丸鶏の薪焼き,柴烤全鸡,柴烤全雞
장어구이,jangeogui,Grilled Eel,ウナギ焼き,烤鳗鱼,烤鳗魚
임연수구이,imyeonsugui,Grilled Greenling Fish,ホッケ焼き,烤多线鱼,烤多線魚
은어구이,euneogui,Grilled Sweetfish,鮎焼き,烤香鱼,烤香魚
옥돔구이,okdomgui,Grilled Red Tilefish,アマダイ焼き,烤马头鱼,烤馬頭魚
오징어불고기,ojingeobulgogi,Squid Bulgogi,イカのプルゴギ,烤鱿鱼,烤魷魚
오징어구이,ojingeogui,Grilled Squid,イカ焼き,烤鱿鱼,烤魷魚
오리불고기,oribulgogi,Duck Bulgogi,鴨肉プルゴギ,烤鸭肉,烤鴨肉
오리로스,ori-roseu,Grilled Duck,鴨肉ロース,烤鸭肉,烤鴨肉
오리구이,origui,Grilled Duck,鴨肉焼き,烤鸭肉,烤鴨肉
언양불고기,Eonyangbulgogi,Eonyang Bulgogi,オンヤンプルゴギ,彦阳烤牛肉,彥陽烤牛肉
양념장어구이,yangnyeomjangeogui,Grilled Seasoned Eel,味付けウナギ焼き,调味烤鳗鱼,調味烤鰻魚
양념갈비,yangnyeomgalbi,Marinated Grilled Beef RibsMarinated Grilled Pork Ribs,味付けカルビ,调味排骨,調味排骨
양곱창구이,yanggopchanggui,Grilled Beef Tripe,牛ミノ焼き,烤牛胃,烤牛胃
숯불닭갈비,sutbuldakgalbi,Spicy Charcoal-grilled Chicken,炭火タッカルビ,炭烤鸡块,炭烤雞塊
솥뚜껑삼겹살,sotttukkeongsamgyeopsal,Caldron Lid-grilled Pork Belly,釜のふたサムギョプサル,锅盖烤五花肉,鍋蓋烤五花肉
소곱창구이,sogopchanggui,Grilled Beef Small Intestine,牛コプチャン焼き,烤牛肠,烤牛腸
소고기편채,sogogipyeonchae,Sliced Beef with Vegetables,牛ロースの薄切り,肉片菜丝,肉片菜絲
소고기구이,sogogigui,Grilled Beef,牛肉焼き,烤牛肉,烤牛肉
소갈비구이,sogalbigui,Grilled Beef Ribs,牛カルビ焼き,烤牛排,烤牛排
석쇠돼지불고기,seoksoedwaejibulgogi,Grilled Pork Bulgogi,豚肉プルゴギ網焼き,烧烤猪肉,燒烤豬肉
생선구이,saengseongui,Grilled Fish,焼き魚,烤鱼,烤魚
새우구이,saeugui,Grilled Shrimp,海老の塩焼き,烤虾,烤蝦
삼치구이,samchigui,Grilled Spotted Mackerel,サワラ焼き,烤鲅鱼,烤鮁魚
삼겹살,samgyeopsal,Grilled Pork Belly,サムギョプサル,烤五花肉,烤五花肉
불고기,bulgogi,Bulgogi,プルゴギ,烤牛肉,烤牛肉
북어구이,bugeogui,Grilled Dried Pollack,干しスケトウダラ焼き,烤干明太鱼,烤乾明太魚
복불고기,bokbulgogi,Puffer Fish Bulgogi,ふぐプルゴギ,炒河豚,炒河豚
보리굴비,borigulbi,Barley-aged Dried Yellow Croaker,麦熟成の干しイシモチ,大麦干黄花鱼,大麥乾黃花魚
병어구이,byeongeogui,Grilled Pomfret,マナガツオ焼き,烤平鱼,烤平魚
바싹불고기,bassakbulgogi,Thin-sliced Bulgogi,直火プルゴギ,酥烤牛肉,酥烤牛肉
모던불고기,modern bulgogi,Modern Bulgogi,モダンプルゴギ,现代式烤牛肉,現代式烤牛肉
매운족발,maeunjokbal,Spicy Braised Pigs' Feet,辛味豚足,香辣猪蹄,香辣豬蹄
막창구이,makchanggui,Grilled Beef Reed Tripe,ギアラ焼き,烤牛胃,烤牛胃
떡갈비,tteokgalbi,Grilled Short Rib Patties,粗挽きカルビ焼き,牛肉饼,牛肉餅
등심구이,deungsimgui,Grilled Sirloin,ロース焼き,烤外脊,烤外脊
등갈비구이,deunggalbigui,Grilled Back Ribs,バックリプ焼き,烤脊排,烤脊排
돼지막창구이,dwaejimakchanggui,Grilled Pork Intestine,豚てっぽう焼き,烤猪肠头,烤豬腸頭
돼지갈비구이,dwaejigalbigui,Grilled Spareribs,豚カルビ焼き,烤猪排,烤豬排
도미구이,domigui,Grilled Sea Bream,鯛焼き,烤鲷鱼,烤鯛魚
도리뱅뱅,doribaengbaeng,Spicy Braised Freshwater Sprats,揚げ出しオイカワの煮物,炖炸白糯鱼,燉炸白糯魚
도루묵구이,dorumukgui,Grilled Sailfin Sandfish,ハタハタ焼き,烤银鱼,烤銀魚
더덕구이,deodeokgui,Grilled Deodeok,蔓人蔘焼き,烤沙参,烤沙蔘
대합구이,daehapgui,Grilled Hard Clams,ハマグリ焼き,烤文蛤,烤文蛤
대하구이,daehagui,Grilled Prawn,大正海老焼き,烤大虾,烤大蝦
대패삼겹살,daepaesamgyeopsal,Grilled Thin-sliced Pork Belly,薄切りサムギョプサル,薄切五花肉,薄切五花肉
대창구이,daechanggui,Grilled Beef Large Intestine,牛大腸焼き,烤牛大肠,烤牛大腸
닭꼬치구이,dakkkochigui,Chicken Skewers,焼き鳥,烤鸡肉串,烤雞肉串
너비아니,neobiani,Marinated Grilled Beef Slices,宮中焼き肉,宫廷烤牛肉,宮廷烤牛肉
낙지호롱,nakjihorong,Grilled Whole Octopus,テナガダコの丸焼き,章鱼串,章魚串
꽁치구이,kkongchigui,Grilled Saury,サンマ焼き,烤秋刀鱼,烤秋刀魚
꼬치구이,kkochigui,Grilled Skewers,串焼き,烤串,烤串
김,gim,Laver,のり,海苔,紫菜
굴비구이,gulbigui,Grilled Dried Yellow Croaker,干しイシモチ焼き,烤半干黄花鱼,烤半幹黃花魚
곰장어구이,gomjangeogui,Grilled Sea Eel,ヌタウナギ焼き,烤盲鳗,烤盲鰻
광양불고기,Gwangyangbulgogi,Gwangyang Bulgogi,クァンヤンプルゴギ,光阳烤牛肉,光陽烤牛肉
곱창구이,gopchanggui,Grilled Beef TripeGrilled Pork Tripe,コプチャン焼き,烤肥肠,烤肥腸
고추장삼겹살,gochujangsamgyeopsal,Red Chili Paste Pork Belly,コチュジャンサムギョプサル,辣椒酱烤五花肉,辣椒醬烤五花肉
고추장불고기,gochujangbulgogi,Red Chili Paste Bulgogi,コチュジャンプルゴギ,辣椒酱烤牛肉,辣椒醬烤牛肉
고등어구이,godeungeogui,Grilled Mackerel,サバの塩焼き,烤青花鱼,烤青花魚
갈치구이,galchigui,Grilled Cutlassfish,太刀魚焼き,烤带鱼,烤帶魚
가자미구이,gajamigui,Grilled Plaice,カレイ焼き,烤鲽鱼,烤鰈魚
화양적,hwayangjeok,Beef and Vegetable Skewers,彩り串焼き,华阳串,華陽串
송이산적,songisanjeok,Pine Mushroom Skewers,松茸の串焼き,松茸烤串,松茸烤串
해물낙지전골,haemullakjijeongol,Seafood and Octopus Hot Pot,海鮮とテナガダコの寄せ鍋,海鲜章鱼火锅,海鮮章魚火鍋
신선로,sinseollo,Royal Hot Pot,宮中鍋,神仙炉,神仙爐
소고기전골,sogogijeongol,Beef Hot Pot,牛肉の寄せ鍋,牛肉火锅,牛肉火鍋
소고기버섯전골,sogogibeoseotjeongol,Beef and Mushroom Hot Pot,牛肉ときのこの寄せ鍋,牛肉蘑菇火锅,牛肉蘑菇火鍋
소고기국수전골,sogogiguksujeongol,Beef and Noodle Hot Pot,牛肉と素麺の寄せ鍋,牛肉面条火锅,牛肉麵條火鍋
불낙전골,bullakjeongol,Bulgogi and Octopus Hot Pot,牛肉とテナガダコの寄せ鍋,烤牛肉章鱼火锅,烤牛肉章魚火鍋
버섯전골,beoseotjeongol,Mushroom Hot Pot,きのこの寄せ鍋,蘑菇火锅,蘑菇火鍋
만두전골,mandujeongol,Dumpling Hot Pot,餃子の寄せ鍋,饺子火锅,餃子火鍋
두부전골,dubujeongol,Bean Curd Hot Pot,豆腐の寄せ鍋,豆腐火锅,豆腐火鍋
닭한마리,dakhanmari,Whole Chicken Stew,丸鶏の寄せ鍋,全鸡火锅,全雞火鍋
낙지전골,nakjijeongol,Octopus Hot Pot,テナガダコの寄せ鍋,章鱼火锅,章魚火鍋
김치전골,kimchijeongol,Kimchi Hot Pot,キムチの寄せ鍋,辛奇火锅,辛奇火鍋
국수전골,guksujeongol,Noodle Hot Pot,麺の寄せ鍋,面条火锅,麵條火鍋
곱창전골,gopchangjeongol,Beef Tripe Hot Pot,コプチャンの寄せ鍋,肥肠火锅,肥腸火鍋
갈낙전골,gallakjeongol,Short Rib and Octopus Hot Pot,カルビとテナガダコの寄せ鍋,排骨章鱼火锅,排骨章魚火鍋
해파리냉채,haeparinaengchae,Chilled Jellyfish Salad,クラゲの冷菜,凉拌海蜇,涼拌海蜇
파무침,pamuchim,Green Onion Salad,ねぎの和え物,凉拌葱丝,涼拌蔥絲
파래무침,paraemuchim,Green Laver Salad,青海苔の和え物,凉拌海青菜,涼拌海青菜
청포묵무침,cheongpomungmuchim,Mung Bean Jelly Salad,緑豆こんにゃくの和え物,绿豆凉粉,綠豆涼粉
올챙이묵,olchaengimuk,Corn Starch Noodles,とうもろこし麺,蝌蚪玉米凉粉,蝌蚪玉米涼粉
오징어초무침,ojingeochomuchim,Sweet and Sour Squid Salad,イカ酢の物,醋拌鱿鱼,醋拌魷魚
오징어무침,ojingeomuchim,Squid Salad,イカの和え物,凉拌鱿鱼,涼拌魷魚
오이지무침,oijimuchim,Pickled Cucumber Salad,キュウリの漬物の和え物,凉拌腌黄瓜,涼拌醃黃瓜
오이미역초무침,oimiyeokchomuchim,Sweet and Sour Seaweed Cucumber Salad,キュウリとワカメの酢の物,醋拌黄瓜海带,醋拌黃瓜海帶
오이무침,oimuchim,Cucumber Salad,キュウリの和え物,凉拌黄瓜,涼拌黃瓜
영양부추겉절이,yeongyangbuchugeotjeori,Fresh Chive Kimchi,浅漬けニラ,鲜辣韭菜,鮮辣韭菜
상추겉절이,sangchugeotjeori,Fresh Lettuce Kimchi,サンチュの和え物,鲜辣生菜,鮮辣生菜
북어채무침,bugeochaemuchim,Dried Pollack Strip Salad,干しスケトウダラの和え物,凉拌干明太鱼丝,涼拌幹明太魚絲
부추무침,buchumuchim,Chive Salad,ニラの和え物,凉拌韭菜,涼拌韭菜
무생채,musaengchae,Julienne Radish Fresh Salad,大根の和え物,生拌萝卜丝,生拌蘿蔔絲
무말랭이무침,mumallaengimuchim,Dried Radish Salad,干し大根の和え物,凉拌萝卜干,涼拌蘿蔔乾
메밀묵무침,memilmungmuchim,Buckwheat Jelly Salad,そば粉こんにゃくの和え物,荞麦凉粉,蕎麥涼粉
메밀무침,memilmuchim,Buckwheat Leaf Salad,そばの和え物,凉拌荞麦叶,涼拌蕎麥葉
마늘종무침,maneuljongmuchim,Spicy Garlic Stem Salad,にんにくの茎の和え物,凉拌蒜薹,涼拌蒜薹
두릅초회,dureupchohoe,Parboiled Fatsia Shoot,タラの芽酢の物,白灼刺嫩芽,白灼刺嫩芽
돌미나리무침,dolminarimuchim,Wild Parsley Salad,野芹の和え物,凉拌野生水芹,涼拌野生水芹
도토리묵무침,dotorimungmuchim,Acorn Jelly Salad,どんぐりこんにゃくの和え物,橡子凉粉,橡子涼粉
도토리묵,dotorimuk,Acorn Jelly Salad,どんぐりこんにゃくの和え物,橡子凉粉,橡子涼粉
도라지생채,dorajisaengchae,Bellflower Root Fresh Salad,桔梗の根の和え物,生拌桔梗,生拌桔梗
더덕생채,deodeoksaengchae,Deodeok Fresh Salad,蔓人参の和え物,生拌沙参,生拌沙參
대구포무침,daegupomuchim,Dried Codfish Fillet Salad,干したらの和え物,凉拌鳕鱼干,涼拌鱈魚乾
달래무침,dallaemuchim,Wild Chive Salad,ヒメニラの和え物,凉拌山蒜,涼拌山蒜
노각무침,nogangmuchim,Yellow Cucumber Salad,老いキュウリの和え物,凉拌老黄瓜,涼拌老黃瓜
꼬막무침,kkomangmuchim,Cockle Salad,ハイガイの和え物,凉拌血蚶,涼拌泥蚶
김무침,gimmuchim,Laver Salad,のりの和え物,凉拌紫菜,涼拌紫菜
굴무침,gulmuchim,Oyster Salad,カキの和え物,凉拌牡蛎,涼拌牡蠣
골뱅이무침,golbaengimuchim,Spicy Sea Snails Salad,つぶ貝の和え物,凉拌海螺,涼拌海螺
탕평채,tangpyeongchae,Mung Bean Jelly Salad,ところてんの和え物,荡平菜,蕩平菜
콩나물무침,kongnamulmuchim,Bean Sprout Salad,豆もやしの和え物,凉拌豆芽,涼拌豆芽
취나물,chwinamul,Aster Leaf Salad,シラヤマギクのナムル,凉拌东风菜,涼拌東風菜
참나물,chamnamul,Short-fruit Pimpinella Salad,ヒカゲミツバゼリのナムル,凉拌茴芹,涼拌茴芹
죽순채,juksunchae,Seasoned Bamboo Shoots,竹の子の炒め物,竹笋菜,竹筍菜
잡채,japchae,Stir-fried Glass Noodles andVegetables,チャプチェ,什锦炒粉丝,什錦拌粉絲
쑥갓나물무침,ssukgannamulmuchim,Crown Daisy Salad,春菊のナムルの和え物,凉拌茼蒿,涼拌茼蒿
시래기나물,siraeginamul,Dried Radish Leaf Salad,干し菜っ葉のナムル,凉拌干萝卜缨,涼拌幹蘿蔔纓
시금치나물,sigeumchinamul,Spinach Salad,ほうれん草のナムル,凉拌菠菜,涼拌菠菜
숙주나물,sukjunamul,Mung Bean Sprout Salad,もやしのナムル,凉拌绿豆芽,涼拌綠豆芽
비름나물,bireumnamul,Pigweed Salad,ヒユのナムル,凉拌苋菜,涼拌莧菜
미역초무침,miyeokchomuchim,Sweet and Sour Seaweed Salad,ワカメ酢の物,醋拌海带,醋拌海帶
미나리나물,minarinamul,Water Parsley Salad,セリのナムル,凉拌水芹,涼拌水芹
무나물,munamul,Radish Salad,大根のナムル,凉拌萝卜丝,涼拌蘿蔔絲
도라지나물,dorajinamul,Bellflower Root Salad,桔梗の根のナムル,凉拌桔梗,涼拌桔梗
대하냉채,daehanaengchae,Chilled Prawn Salad,大正海老の冷菜,凉拌大虾,涼拌大蝦
냉이나물,naenginamul,Shepherd's Purse Salad,ナズナのナムル,凉拌荠菜,涼拌薺菜
나물,namul,Salad,ナムル,素菜,素菜
깻잎순무침,kkaennipsunmuchim,Perilla Leaf Salad,エゴマの葉の和え物,凉拌苏子叶,涼拌蘇子葉
구절판,gujeolpan,Platter of Nine Delicacies,クジョルパン,九折坂,九折坂
곤드레나물,gondeurenamul,Thistle Salad,コンドゥレナムル,凉拌山蓟菜,涼拌山薊菜
고춧잎나물,gochunnipnamul,Chili Pepper Leaf Salad,唐辛子の葉のナムル,凉拌辣椒叶,涼拌辣椒葉
고사리나물,gosarinamul,Bracken Salad,ワラビのナムル,凉拌蕨菜,涼拌蕨菜
고구마순나물,gogumasunnamul,Sweet Potato Stalk Salad,さつまいもの茎のナムル,凉拌红薯梗,涼拌紅薯梗
간편잡채,ganpyeonjapchae,Stir-fried Glass Noodles and Vegetables,簡単チャプチェ,简便什锦炒粉丝,簡便什錦炒粉絲
가지나물,gajinamul,Eggplant Salad,なすのナムル,凉拌茄子,涼拌茄子
콩조림,kongjorim,Braised Beans,豆の煮付け,酱黄豆,醬黃豆
코다리조림,kodarijorim,Braised Half-dried Pollack,半干しスケトウダラの煮付け,炖半干明太鱼,燉半乾明太魚
조기조림,jogijorim,Braised Yellow Croaker,イシモチの煮付け,炖黄花鱼,燉黃花魚
장조림,jangjorim,Braised Beef in Soy Sauce,肉の煮付け,酱牛肉,醬牛肉
은대구조림,eundaegujorim,Braised Black Cod,銀だらの煮付け,炖银鳕鱼,燉銀鱈魚
우엉조림,ueongjorim,Braised Burdock Roots,ごぼうの煮付け,酱牛蒡,醬牛蒡
우럭조림,ureokjorim,Braised Rockfish,クロソイの煮付け,炖石斑鱼,燉石斑魚
연근조림,yeongeunjorim,Braised Lotus Roots,れんこんの煮付け,酱莲藕,醬蓮藕
생멸치조림,saengmyeolchijorim,Braised Anchovies,カタクチイワシの煮付け,辣炖鲜鳀鱼,辣燉鮮鳀魚
소고기 메추리알장조림,sogogimechurialjangjorim,Braised Beef and Quail Eggs in Soy Sauce,牛肉とうずらの卵の煮付け,酱牛肉鹌鹑蛋,醬牛肉鵪鶉蛋
북어조림,bugeojorim,Braised Dried Pollack,干しスケトウダラの煮付け,炖干明太鱼,燉幹明太魚
병어조림,byeongeojorim,Braised Pomfret,マナガツオの煮付け,辣炖平鱼,辣燉平魚
묵은지고등어조림,mugeunjigodeungeojorim,Braised Mackerel with Aged Kimchi,熟成キムチとサバの煮付け,炖酸辛奇青花鱼,燉酸辛奇青花魚
메추리알장조림,mechurialjangjorim,Braised Quail Eggs in Soy Sauce,うずらの卵の煮付け,酱鹌鹑蛋,醬鵪鶉蛋
땅콩조림,ttangkongjorim,Braised Peanuts,落花生の煮付け,酱花生,醬花生
두부조림,dubujorim,Braised Bean Curd,豆腐の煮付け,烧豆腐,燒豆腐
돼지고기 메추리알장조림,dwaejigogimechurialjangjorim,Braised Pork and Quail Eggs in Soy Sauce,豚肉とうずらの卵の煮付け,酱猪肉鹌鹑蛋,醬豬肉鵪鶉蛋
도미조림,domijorim,Braised Sea Bream,鯛の煮付け,炖鲷鱼,燉鯛魚
고등어조림,godeungeojorim,Braised Mackerel,サバの煮付け,炖青花鱼,燉青花魚
감자조림,gamjajorim,Braised Potatoes,じゃがいもの煮付け,酱土豆,醬土豆
갈치조림,galchijorim,Braised Cutlassfish,太刀魚の煮付け,辣炖带鱼,辣燉帶魚
가자미조림,gajamijorim,Braised Plaice,カレイの煮付け,炖鲽鱼,燉鰈魚
해물떡볶이,haemultteokbokki,Stir-fried Rice Cake and Seafood,海鮮トッポッキ,海鲜辣炒年糕,海鮮辣炒年糕
표고버섯볶음,pyogobeoseotbokkeum,Stir-fried Golden Oak Mushrooms,シイタケ炒め,炒香菇,炒香菇
철판순대볶음,cheolpansundaebokkeum,Stir-fried Blood Sausage on Hot Iron Plate,スンデの鉄板炒め,铁板血肠,鐵板血腸
즉석떡볶이,jeukseoktteokbokki,Stir-fried Rice Cake,即席トッポッキ,辣炒年糕锅,辣炒年糕鍋
쥐치채볶음,jwichichaebokkeum,Stir-fried Dried Filefish Strips,干しカワハギ炒め,炒干鳞鲀丝,炒乾鱗魨絲
죽순볶음,juksunbokkeum,Stir-fried Bamboo Shoots,竹の子炒め,炒竹笋,炒竹筍
주꾸미볶음,jukkumibokkeum,Stir-fried Webfoot Octopus,イイダコ炒め,辣炒八爪鱼,辣炒八爪魚
제육볶음,jeyukbokkeum,Stir-fried Pork,豚肉炒め,辣炒猪肉,辣炒豬肉
잔멸치볶음,janmyeolchibokkeum,Stir-fried Small Dried Anchovies,ざこ炒め,炒小鳀鱼,炒小鳀魚
오징어채볶음,ojingeochaebokkeum,Stir-fried Dried Squid Strips,干しイカ炒め,炒干鱿鱼丝,炒乾魷魚絲
오징어볶음,ojingeobokkeum,Stir-fried Squid,イカ炒め,辣炒鱿鱼,辣炒魷魚
오삼불고기,osambulgogi,Squid and Pork Belly Bulgogi,イカとサムギョプサルのプルゴギ,烤鱿鱼五花肉,烤魷魚五花肉
오리주물럭,orijumulleok,Spicy Stir-fried Duck,鴨肉コチュジャン炒め,调味炒鸭肉,調味炒鴨肉
어묵볶음,eomukbokkeum,Stir-fried Fishcake,練り物炒め,炒鱼糕,炒魚糕
양념치킨,yangnyeom chicken,Seasoned Fried Chicken,ヤンニョムチキン,调味炸鸡,調味炸雞
애호박볶음,aehobakbokkeum,Stir-fried Zucchini,ズッキーニ炒め,炒西葫芦,炒西葫蘆
순대볶음,sundaebokkeum,Stir-fried Blood Sausage,スンデ炒め,辣炒血肠,辣炒血腸
미역줄기볶음,miyeokjulgibokkeum,Stir-fried Seaweed Stems,茎ワカメ炒め,炒海带丝,炒海帶絲
물오징어불고기,murojingeobulgogi,Squid Bulgogi,イカのプルゴギ,烤鱿鱼,烤魷魚
머위나물볶음,meowinamulbokkeum,Stir-fried Butterbur,フキナムル炒め,炒蜂斗菜,炒蜂斗菜
매운닭발볶음,maeundakbalbokkeum,Spicy Stir-fried Chicken's Feet,辛味鶏足炒め,辣炒鸡爪,辣炒雞爪
마른새우볶음,mareunsaeubokkeum,Stir-fried Dried Shrimp,干し海老炒め,炒干虾,炒乾蝦
라볶이,rabokki,Stir-fried Instant Noodle,ラボキ,拉面辣炒年糕,拉麵辣炒年糕
떡볶이,tteokbokki,Stir-fried Rice Cake,トッポッキ,辣炒年糕,辣炒年糕
두부김치,dubukimchi,Bean Curd with Stir-fried Kimchi,豆腐キムチ,炒辛奇豆腐,炒辛奇豆腐
돼지껍데기볶음,dwaejikkeopdegibokkeum,Stir-fried Pork Rind,豚皮炒め,辣炒猪皮,辣炒豬皮
돼지고기볶음,dwaejigogibokkeum,Stir-fried Pork,豚肉炒め,炒猪肉,炒豬肉
돼지고기두루치기,dwaejigogiduruchigi,Stir-fried Pork,豚肉炒め,辣炒猪肉,辣炒豬肉
도치두루치기,dochiduruchigi,Stir-fried Pacific Spiny Lumpsucker,イボダンゴ炒め,辣炒圆鳍鱼,辣炒圓鰭魚
닭볶음탕,dakbokkeumtang,Spicy Braised Chicken,鶏肉の炒め煮,辣炖鸡块,辣燉雞塊
닭똥집볶음,dakttongjipbokkeum,Stir-fried Chicken Gizzard,砂肝炒め,炒鸡胗,炒雞胗
닭강정,dakgangjeong,Deep-fried and Braised Chicken,鶏肉の唐揚げ,调味炸鸡丁,調味炸雞丁
닭갈비,dakgalbi,Spicy Stir-fried Chicken,タッカルビ,铁板鸡,鐵板雞
느타리버섯볶음,neutaribeoseotbokkeum,Stir-fried Oyster Mushrooms,ヒラタケ炒め,炒平菇,炒平菇
낙지철판볶음,nakjicheolpanbokkeum,Stir-fried Octopus on Hot Iron Plate,テナガダコの鉄板炒め,铁板章鱼,鐵板章魚
낙지볶음,nakjibokkeum,Stir-fried Octopus,テナガダコ炒め,辣炒章鱼,辣炒章魚
꽈리고추멸치볶음,kkwarigochumyeolchibokkeum,Stir-fried Shishito Peppers and Dried Anchovies,ざこと獅子唐辛子炒め,炒小青椒鳀鱼,炒小青椒鳀魚
깻잎나물볶음,kkaennipnamulbokkeum,Stir-fried Perilla Leaves,エゴマの葉ナムル炒め,炒苏子叶,炒蘇子葉
김치볶음,kimchibokkeum,Stir-fried Kimchi,キムチ炒め,炒辛奇,炒辛奇
궁중떡볶이,gungjungtteokbokki,Royal Stir-fried Rice Cake,宮中トッポッキ,宫廷炒年糕,宮廷炒年糕
국물떡볶이,gungmultteokbokki,Stir-fried Rice Cake,スープトッポッキ,辣炒年糕汤,辣炒年糕湯
소곱창볶음,,Stir-fried Beef Small Intestine,コプチャン炒め,辣炒牛肠,辣炒牛腸
돼지곱창볶음,,Stir-fried Pork Small Intestine,コプチャン炒め,辣炒猪肠,辣炒豬腸
곰장어볶음,gomjangeobokkeum,Stir-fried Sea Eel,ヌタウナギ炒め,辣炒盲鳗,辣炒盲鰻
고구마맛탕,gogumamattang,Deep-fried and Sugar Glazed Sweet Potatoes,大学芋,拔丝地瓜,拔絲地瓜
감자볶음,gamja-bokkeum,Stir-fried Potatoes,じゃがいも炒め,炒土豆丝,炒土豆絲
가지볶음,gajibokkeum,Stir-fried Eggplant,なす炒め,炒茄子,炒茄子
훈제오리보쌈,hunjeoribossam,Kimchi Wraps with Pork and Smoked Duck,鴨の燻製ポサム,菜包熏鸭肉,菜包熏鴨肉
황태찜,hwangtaejjim,Braised Dried Pollack,干しスケトウダラの蒸し物,炖干明太鱼,燉幹明太魚
황기족발,hwanggijokbal,Braised Pigs' Feet with Milk Vetch Root,黄耆豚足,黄芪酱猪蹄,黃芪醬豬蹄
황기닭백숙,hwanggidakbaeksuk,Whole Chicken Soup with Milk Vetch Roots,黄耆入り鶏肉の水炊き,黄芪清炖鸡,黃芪清燉雞
홍어찜,hongeojjim,Steamed Skate,ガンギエイの蒸し物,蒸斑鳐,蒸斑鰩
홍어삼합,hongeosamhap,Skate Pork and Kimchi Combo,ガンギエイのサムハプ,斑鳐三合,斑鰩三合
해물찜,haemuljjim,Spicy Braised Seafood,海鮮の蒸し物,辣炖海鲜,辣燉海鮮
한방오리찜,hanbangorijjm,Steamed Whole Duck with Medical Herbs,鴨肉の韓方蒸し物,药膳炖鸭,藥膳燉鴨
한방오리백숙,hanbangoribaeksuk,Whole Duck Soup with Medicinal Herbs,鴨肉の韓方水炊き,药膳清炖鸭,藥膳清燉鴨
코다리찜,kodarijjim,Braised Half-dried Pollack,半干しスケトウダラの蒸し物,炖半干明太鱼,燉半幹明太魚
참꼬막찜,chamkkomakjjim,Steamed Cockles,ハイガイの蒸し物,蒸血蚶,蒸血蚶
찜닭,jjimdak,Braised Chicken,チムダク,炖鸡块,燉雞塊
족발,jokbal,Braised Pigs' Feet,豚足,酱猪蹄,醬豬蹄
조기찜,jogijjim,Steamed Yellow Croaker,イシモチの蒸し物,蒸黄花鱼,蒸黃花魚
전복갈비찜,jeonbokgalbijjim,Braised Short Ribs and Abalone,アワビとカルビの蒸し物,鲍鱼炖排骨,鮑魚燉排骨
오징어순대,ojingeosundae,Stuffed Squid,イカスンデ,鱿鱼血肠,魷魚血腸
오이선,oiseon,Stuffed Cucumber,飾りキュウリの甘酢がけ,黄瓜膳,黃瓜膳
오리백숙,oribaeksuk,Whole Duck Soup,鴨肉の水炊き,清炖鸭,清燉鴨
안동찜닭,Andongjjimdak,Andong Braised Chicken,アンドンチムダク,安东炖鸡块,安東燉雞塊
아바이순대,abaisundae,Abai Blood Sausage,アバイスンデ,阿巴伊血肠,阿巴伊血腸
아귀찜,agwi-jjim,Braised Spicy Monkfish,アンコウの蒸し物,辣炖安康鱼,辣燉鮟鱇魚
순대,sundae,Blood Sausage,スンデ,血肠,血腸
수육,suyuk,Boiled Beef SlicesBoiled Pork Slices,ゆで肉,白切肉,白切肉
소머리수육,someorisuyuk,Boiled Beef Head Meat,ゆで牛の頭部肉,白切牛头肉,白切牛頭肉
소꼬리찜,sokkorijjim,Braised Oxtail,牛テールの蒸し物,炖牛尾,燉牛尾
소갈비찜,sogalbijjim,Braised Beef Short Ribs,牛カルビの蒸し物,炖牛排骨,燉牛排骨
북어찜,bugeojjim,Steamed Dried Pollack,干しスケトウダラの蒸し物,炖干明太鱼,燉幹明太魚
보쌈,bossam,Kimchi Wraps with Pork,ポサム,菜包肉,菜包肉
병어찜,byeongeojjim,Steamed Pomfret,マナガツオの蒸し物,蒸平鱼,蒸平魚
민어찜,mineojjim,Steamed Croaker,ニベの蒸し物,蒸黄姑鱼,蒸黃姑魚
묵은지찜,mugeunjijjim,Braised Pork with Aged Kimchi,熟成キムチの蒸し物,炖酸辛奇,燉酸辛奇
명태찜,myeongtaejjim,Braised Pollack,スケトウダラの蒸し物,炖明太鱼,燉明太魚
머릿고기,meoritgogi,Pork Head Meat,ゆで頭部肉,白切猪头肉,白切豬頭肉
매운갈비찜,maeungalbijjim,Spicy Braised Short Ribs,辛味カルビの蒸し物,香辣炖排骨,香辣燉排骨
뚝배기계란찜,ttukbaegigyeranjjim,Steamed Egg Hot Pot,土鍋茶碗蒸し,砂锅鸡蛋羹,砂鍋雞蛋羹
등갈비묵은지찜,deunggalbimugeunjijjim,Braised Pork Rib with Aged Kimchi,バックリプと熟成キムチの蒸し物,炖脊排酸辛奇,燉脊排酸辛奇
돼지등뼈찜,dwaejideungppyeojjim,Brasied Pork Back-bone,豚の背骨の蒸し物,炖猪脊骨,燉豬脊骨
동태찜,dongtaejjim,Braised Pollack,スケトウダラの蒸し物,炖冻明太鱼,燉凍明太魚
도미찜,domijjim,Steamed Sea Bream,鯛の蒸し物,蒸鲷鱼,蒸鯛魚
도가니수육,doganisuyuk,Boiled Ox Knee,ゆで牛の膝軟骨,白切牛膝骨,白切牛膝骨
더덕보쌈,deodeokbossam,Kimchi Wraps with Pork and Deodeok,蔓人参のポサム,沙参菜包肉,沙參菜包肉
대구뽈찜,daeguppoljjim,Braised Codfish Head,たらの頭の蒸し物,炖鳕鱼头,燉鱈魚頭
대게찜,daegejjim,Steamed Snow Crab,ズワイガニの蒸し物,蒸雪蟹,蒸雪蟹
닭백숙,dakbaeksuk,Whole Chicken Soup,鶏肉の水炊き,清炖鸡,清燉雞
누룽지닭백숙,nurungjidakbaeksuk,Whole Chicken Soup with Scorched Rice,おこげ入り鶏肉の水炊き,锅巴清炖鸡,鍋巴清燉雞
낙지찜,nakjijjim,Braised Octopus,テナガダコの蒸し物,炖章鱼,燉章魚
꼬리찜,kkorijjim,Braised Oxtail,牛テールの蒸し物,炖牛尾,燉牛尾
굴보쌈,gulbossam,Kimchi Wraps with Pork and Oyster,カキのポサム,牡蛎菜包肉,牡蠣菜包肉
계란찜,gyeranjjim,Steamed Eggs,茶碗蒸し,鸡蛋羹,雞蛋羹
갈비찜,galbijjim,Braised Short Ribs,カルビの蒸し物,炖牛排骨,燉牛排骨
해물순두부찌개,haemulsundubujjigae,Seafood and Soft Bean Curd Stew,海鮮スンドゥブチゲ,海鲜嫩豆腐锅,海鮮嫩豆腐鍋
해물된장찌개,haemuldoenjangjjigae,Seafood Soybean Paste Stew,海鮮テンジャンチゲ,海鲜大酱汤,海鮮大醬湯
해물뚝배기,haemulttukbaegi,Seafood Hot Pot,海鮮土鍋,海鲜砂锅,海鮮砂鍋
콩비지찌개,kongbijijjigae,Pureed Soybean Stew,おからチゲ,黄豆渣锅,黃豆渣鍋
청국장찌개,cheonggukjangjjigae,Rich Soybean Paste Stew,チョングクチャンチゲ,清麴酱锅,清麴醬鍋
참치김치찌개,chamchikimchijjigae,Tuna and Kimchi Stew,ツナキムチチゲ,金枪鱼辛奇汤,金槍魚辛奇湯
차돌된장찌개,chadoldoenjangjjigae,Beef Brisket Soybean Paste Stew,牛のともばら肉入りテンジャンチゲ,牛胸肉大酱汤,牛胸肉大醬湯
전복뚝배기,jeonbokttukbaegi,Abalone Hot Pot,アワビ土鍋,鲍鱼砂锅,鮑魚砂鍋
양푼김치찌개,yangpunkimchijjigae,Kimchi Stew in Large Brass Bowl,ヤンプンキムチチゲ,铜盆辛奇汤,銅盆辛奇湯
애호박찌개,aehobakjjigae,Zucchini Stew,ズッキーニチゲ,西葫芦锅,西葫蘆鍋
시래기된장지짐,siraegidoenjangjijim,Braised Dried Radish Leaf Soybean Paste,干し菜っ葉のテンジャン煮込み,大酱炖干萝卜缨,大醬燉幹蘿蔔纓
순두부찌개,sundubujjigae,Soft Bean Curd Stew,スンドゥブチゲ,嫩豆腐锅,嫩豆腐鍋
생태찌개,saengtaejjigae,Pollack Stew,スケトウダラチゲ,鲜明太鱼锅,鮮明太魚鍋
부대찌개,budaejjigae,Sausage Stew,プデチゲ,火腿肠锅,火腿腸鍋
된장찌개,doenjangjjigae,Soybean Paste Stew,テンジャンチゲ,大酱汤,大醬湯
돼지고기김치찌개,dwaejigogikimchijjigae,Pork and Kimchi Stew,豚キムチチゲ,猪肉辛奇汤,豬肉辛奇湯
동태찌개,dongtaejjigae,Pollack Stew,スケトウダラチゲ,冻明太鱼汤,凍明太魚湯
도루묵찌개,dorumukjjigae,Spicy Sailfin Sandfish Stew,ハタハタのチゲ,银鱼锅,銀魚鍋
꽁치김치찌개,kkongchikimchijjigae,Saury and Kimchi Stew,サンマキムチチゲ,秋刀鱼辛奇汤,秋刀魚辛奇湯
김치찌개,kimchijjigae,Kimchi Stew,キムチチゲ,辛奇汤,辛奇湯
고추장찌개,gochujangjjigae,Red Chilli Paste Stew,コチュジャンチゲ,辣椒酱锅,辣椒醬鍋
강된장,gangdoenjang,Seasoned Soybean Paste,カンテンジャン,调味大酱,調味大醬
갈치찌개,galchijjigae,Cutlassfish Stew,太刀魚チゲ,带鱼锅,帶魚鍋
홍합탕,honghaptang,Mussel Soup,ムール貝スープ,贻贝汤,貽貝湯
홍어탕,hongeotang,Skate Soup,ガンギエイスープ,斑鳐汤,斑鰩湯
해물탕,haemultang,Spicy Seafood Stew,海鮮鍋,海鲜汤,海鮮湯
콩탕,Kongtang,Soybean Soup,大豆スープ,豆汤,豆湯
콩비지탕,kongbijitang,Pureed Soybean Soup,おからスープ,黄豆渣汤,黃豆渣湯
추어탕,Chueotang,Loach Soup,どじょうスープ,泥鳅汤,泥鰍湯
초계탕,chogyetang,Cold Chicken Soup,鶏肉の冷製スープ,醋鸡凉汤,醋雞涼湯
참게매운탕,chamgemaeuntang,Spicy Hairy Crab Stew,上海ガニの辛味スープ,鲜辣河蟹汤,鮮辣河蟹湯
조기매운탕,jogimaeuntang,Spicy Yellow Croaker Stew,イシモチの辛味スープ,鲜辣黄花鱼汤,鮮辣黃花魚湯
조개탕,Jogaetang,Clam Soup,貝のスープ,蛤蜊汤,蛤蜊湯
전복삼계탕,jeonboksamgyetang,Abalone and Ginseng Chicken Soup,アワビサムゲタン,鲍鱼参鸡汤,鮑魚參雞湯
장어탕,jangeotang,Eel Soup,ウナギスープ,鳗鱼汤,鰻魚湯
우족탕,ujoktang,Ox Feet Soup,牛足スープ,牛蹄汤,牛蹄湯
우럭매운탕,Ureokmaeuntang,Spicy Rockfish Stew,クロソイの辛味スープ,鲜辣石斑鱼汤,鮮辣石斑魚湯
우거지갈비탕,Ugeojigalbitang,Cabbage and Short Rib Soup,白菜カルビタン,干白菜排骨汤,乾白菜排骨湯
왕갈비탕,wanggalbitang,Beef Rib Soup,王カルビタン,大排骨汤,大排骨湯
영양한우갈비탕,Yeongyanghanugalbitang,Nutritious Korean Beef Rib Soup,栄養韓牛カルビタン,营养韩牛排骨汤,營養韓牛排骨湯
연포탕,Yeonpotang,Bean Curd Soup,豆腐スープ,豆腐清汤,豆腐清湯
양곰탕,yanggomtang,Beef Tripe Soup,牛の胃袋のコムタン,精熬牛胃汤,精熬牛胃湯
알탕,Altang,Spicy Fish Roe Soup,魚の卵スープ,鱼子汤,魚子湯
아귀탕,agwitang,Monkfish Soup,アンコウスープ,安康鱼汤,安康魚湯
쏘가리매운탕,Ssogarimaeuntang,,コウライケツギョの辛味スープ,鲜辣桂鱼汤,鮮辣桂魚湯
설렁탕,Seolleongtang,Ox Bone Soup,ソルロンタン,雪浓汤,雪濃湯
생태탕,saengtaetang,Pollack Soup,スケトウダラスープ,鲜明太鱼汤,鮮明太魚湯
삼계탕,Samgyetang,Ginseng Chicken Soup,サムゲタン,参鸡汤,蔘雞湯
사골우거지갈비탕,sagolugeojigalbitang,Korean Cabbage and Short Rib Soup,牛骨と白菜カルビタン,牛骨干白菜排骨汤,牛骨幹白菜排骨湯
복매운탕,Bokmaeuntang,Spicy Puffer Fish Stew,ふぐの辛味スープ,鲜辣,鮮辣河豚湯
복맑은탕,Bokmalgeuntang,Puffer Fish Soup,ふぐスープ,河豚清汤,河豚清湯
버섯들깨탕,beoseotdeulkkaetang,Mushroom and Perilla Seed Stew,きのことエゴマスープ,蘑菇紫苏籽汤,蘑菇紫蘇籽湯
민어탕,mineotang,Croaker Stew,ニベスープ,黄姑鱼汤,黃姑魚湯
메기매운탕,megimaeuntang,Spicy Catfish Stew,ナマズの辛味スープ,鲜辣鲶鱼汤,鮮辣鯰魚湯
매운탕,Maeuntang,Spicy Fish Stew,魚の辛味スープ,鲜辣鱼汤,鮮辣魚湯
롤삼계탕,Roll Samgyetang,Rolled Ginseng Chicken Soup,ロールサムゲタン,鸡肉卷参鸡汤,雞肉卷參雞湯
뚝배기불고기,Ttukbaegibulgogi,Hot Pot Bulgogi,土鍋プルゴギ,砂锅烤牛肉,砂鍋烤牛肉
뚜거리탕,Ttugeoritang,Spicy Floating Goby Stew,ウキゴリスープ,虾虎鱼汤,蝦虎魚湯
동태탕,dongtaetang,Pollack Soup,スケトウダラスープ,冻明太鱼汤,凍明太魚湯
도미매운탕,domimaeuntang,Spicy Sea Bream Stew,鯛の辛味スープ,鲜辣鲷鱼汤,鮮辣鯛魚湯
도미맑은탕,domimalgeuntang,Sea Bream Soup,鯛スープ,鲷鱼清汤,鯛魚清湯
도가니탕,Doganitang,Ox Knee Soup,牛の膝軟骨スープ,牛膝骨汤,牛膝骨湯
대합탕,daehaptang,Hard Clam Soup,ハマグリスープ,文蛤汤,文蛤湯
대구매운탕,Daegumaeuntang,Spicy Codfish Stew,たらの辛味スープ,鲜辣鳕鱼汤,鮮辣鱈魚湯
대구맑은탕,Daegumalgeuntang,Codfish Soup,たらスープ,鳕鱼清汤,鱈魚清湯
닭곰탕,dakgomtang,Chicken Soup,鶏肉のコムタン,精熬鸡肉汤,精熬雞肉湯
내장탕,naejangtang,Offal Soup,ネジャンタン,内脏汤,內臟湯
꽃게탕,kkotgetang,Spicy Blue Crab Stew,ワタリガニ鍋,花蟹汤,花蟹湯
꼬리곰탕,kkorigomtang,Oxtail Soup,牛テールのコムタン,精熬牛尾汤,精熬牛尾湯
굴탕,gultang,Oyster Soup,カキスープ,牡蛎汤,牡蠣湯
광어매운탕,gwangeomaeuntang,Spicy Flatfish Stew,ヒラメの辛味スープ,鲜辣左口鱼汤,鮮辣左口魚湯
곰탕,Gomtang,Beef Bone Soup,コムタン,精熬牛骨汤,精熬牛骨湯
감자탕,Gamjatang,Pork Back-bone Stew,カムジャタン,脊骨土豆汤,脊骨土豆湯
갈비탕,Galbitang,Short Rib Soup,カルビタン,牛排骨汤,牛排骨湯
갈낙탕,gallaktang,Short Rib and Octopus Soup,カルビとテナガダコスープ,排骨章鱼汤,排骨章魚湯
황태해장국,Hwangtaehaejangguk,Dried Pollack Hangover Soup,スケトウダラの酔い覚ましスープ,干明太鱼醒酒汤,幹明太魚醒酒湯
홍합미역국,honghammiyeokguk,Mussel and Seaweed Soup,ムール貝入りワカメスープ,贻贝海带汤,貽貝海帶湯
해장국,Haejangguk,Hangover Soup,酔い覚ましスープ,醒酒汤,醒酒湯
토란국,toranguk,Taro Soup,里芋スープ,芋头汤,芋頭湯
콩나물해장국,kongnamulhaejangguk,Bean Sprout Hangover Soup,豆もやし酔い覚ましスープ,豆芽醒酒汤,豆芽醒酒湯
콩나물국,Kongnamulguk,Bean Sprout Soup,豆もやしスープ,豆芽汤,豆芽湯
초당순두부,Chodangsundubu,Chodang Soft Bean Curd,チョダンスンドゥブ,草堂嫩豆腐,草堂嫩豆腐
재첩국,jaecheopguk,Freshwater Marsh Clam Soup,シジミスープ,河蚬汤,河蜆湯
육개장,Yukgaejang,Spicy Beef Soup,ユッケジャン,香辣牛肉汤,香辣牛肉湯
우렁된장국,ureongdoenjangguk,Freshwater Snail Soybean Paste Soup,タニシテンジャンクク,田螺大酱清汤,田螺大醬清湯
우거지해장국,ugeojihaejangguk,Korean Cabbage Hangover Soup,白菜酔い覚ましスープ,干白菜醒酒汤,幹白菜醒酒湯
우거지된장국,ugeojidoenjangguk,Korean Cabbage Soybean Paste Soup,白菜テンジャンクク,干白菜大酱清汤,幹白菜大醬清湯
올갱잇국,olgaengitguk,Melanian Snail Soup,カワニナスープ,川蜷汤,川蜷湯
오징엇국,ojingeotguk,Squid Soup,イカスープ,鱿鱼汤,魷魚湯
오이냉국,Oinaengguk,Chilled Cucumber Soup,キュウリの冷製スープ,黄瓜凉汤,黃瓜涼湯
어묵국,eomukguk,Fishcake Soup,練り物スープ,鱼糕汤,魚糕湯
아욱국,aukguk,Curled Mallow Soup,冬葵スープ,冬葵汤,冬葵湯
쑥된장국,ssukdoenjangguk,Mugwort Soybean Paste Soup,よもぎテンジャンクク,艾草大酱清汤,艾草大醬清湯
시래기된장국,siraegidoenjangguk,Dried Radish Leaf Soybean Paste Soup,干し菜っ葉テンジャンクク,干萝卜缨大酱清汤,幹蘿蔔纓大醬清湯
시금치된장국,sigeumchidoenjangguk,Spinach Soybean Paste Soup,ほうれん草テンジャンクク,菠菜大酱清汤,菠菜大醬清湯
순댓국,sundaetguk,Blood Sausage Soup,スンデスープ,血肠汤,血腸湯
소고기육개장,sogogiyukgaejang,Spicy Beef Soup,牛肉のユッケジャン,香辣牛肉汤,香辣牛肉湯
소고기미역국,sogogimiyeokguk,Beef and Seaweed Soup,牛肉入りワカメスープ,牛肉海带汤,牛肉海帶湯
소고기뭇국,sogogimutguk,Beef and Radish Soup,牛肉入り大根スープ,牛肉萝卜汤,牛肉蘿蔔湯
섭국,Seopguk,Mussel Soup,ムール貝スープ,贻贝汤,貽貝湯
선짓국,seonjitguk,Beef Blood Soup,ソンジスープ,牛血汤,牛血湯
사골우거지해장국,sagolugeojihaejangguk,Korean Cabbage Hangover Soup,牛骨と白菜の酔い覚ましスープ,牛骨干白菜醒酒汤,牛骨幹白菜醒酒湯
북엇국,Bugeotguk,Dried Pollack Soup,干しスケトウダラスープ,干明太鱼汤,乾明太魚湯
복국,bokguk,Puffer Soup,ふぐスープ,河豚汤,河豚湯
버섯육개장,beoseotyukgaejang,Spicy Mushroom and Beef Soup,きのこのユッケジャン,香辣蘑菇牛肉汤,香辣蘑菇牛肉湯
배추된장국,baechu-doenjangguk,Cabbage Soybean Paste Soup,白菜テンジャンクク,白菜大酱清汤,白菜大醬清湯
바지락조갯국,bajirakjogaetguk,Clam Soup,アサリスープ,蛤蜊汤,蛤蜊湯
미역냉국,miyeongnaengguk,Chilled Seaweed Soup,ワカメの冷製スープ,海带凉汤,海帶涼湯
미역국,Miyeokguk,Seaweed Soup,ワカメスープ,海带汤,海帶湯
무된장국,mudoenjangguk,Radish Soybean Paste Soup,大根テンジャンクク,萝卜大酱清汤,蘿蔔大醬清湯
매생이굴국,maesaengigulguk,Seaweed Fulvescens and Oyster Soup,カプサアオノリとカキスープ,海藻牡蛎汤,海藻牡蠣湯
매생잇국,Maesaengitguk,Seaweed Fulvescens Soup,カプサアオノリのスープ,海藻清汤,海藻清湯
두부새우젓국,dubusaeujeotguk,Bean Curd and Salted Shrimp Soup,豆腐とアミの塩辛スープ,豆腐虾酱汤,豆腐蝦醬湯
된장국,Doenjangguk,Soybean Paste Soup,テンジャンクク,大酱清汤,大醬清湯
도토리묵사발,dotorimuksabal,Chilled Acorn Jelly Soup,どんぐりこんにゃくスープ,橡子凉粉汤,橡子涼粉湯
도다리쑥국,dodarissukguk,Flounder and Mugwort Soup,メイタガレイとよもぎスープ,木叶鲽鱼艾草汤,木葉鰈魚艾草湯
닭개장,Dakgaejang,Spicy Chicken Soup,鶏肉のユッケジャン,香辣鸡丝汤,香辣雞絲湯
달걀국,dalgyalguk,Egg Soup,卵スープ,鸡蛋汤,雞蛋湯
냉이된장국,naengidoenjangguk,Shepherd's Purse Soybean Paste Soup,ナズナテンジャンクク,荠菜大酱清汤,薺菜大醬清湯
김칫국,kimchitguk,Kimchi Soup,キムチスープ,辛奇清汤,辛奇清湯
김치콩나물국,kimchikongnamulguk,Kimchi and Bean Sprout Soup,キムチと豆もやしスープ,辛奇豆芽汤,辛奇豆芽湯
근댓국,geundaetguk,Leaf Beet Soup,ふだん草スープ ,莙荙菜汤,莙荙菜湯
곰칫국,Gomchitguk,Moray Eel Soup,ウツボスープ,海鳝汤,海鱔湯
회냉면,Hoenaengmyeon,Cold Buckwheat Noodles with Raw Fish,刺身入り冷麺,辣拌斑鳐冷面,辣拌斑鰩冷麵
황태칼국수,Hwangtaekalguksu,Noodle Soup with Dried Pollack,スケトウダラのカルグクス,干明太鱼刀切面,幹明太魚刀切麵
황태비빔막국수,Hwangtaebibimmakguksu,Spicy Buckwheat Noodles with DriedPollack,スケトウダラ入り混ぜそば,干明太鱼拌荞麦凉面,幹明太魚拌蕎麥涼麵
해물칼국수,haemulkalguksu,Noodle Soup with Seafood,海鮮カルグクス,海鲜刀切面,海鮮刀切面
해물수제비,haemulsujebi,Hand-pulled Dough Soup with Seafood,海鮮すいとん,海鲜刀切面,海鮮刀切面
항아리수제비,hangarisujebi,Hand-pulled Dough Soup in Pot,壷すいとん,坛子面片汤,壇子麵片湯
함흥냉면,Hamheungnaengmyeon,Hamheung Cold Buckwheat Noodles,ハムフン冷麺,咸兴冷面,咸興冷面
평양냉면,Pyeongyangnaengmyeon,Pyeongyang Cold Buckwheat Noodles,ピョンヤン冷麺,平壤冷面,平壤冷面
팥칼국수,patkalguksu,Red Bean Paste Noodle Soup,小豆カルグクス,红豆刀切面,紅豆刀切面
콩국수,kongguksu,Noodles in Cold Soybean Soup,豆乳素麺,豆汁面,豆汁麵
콧등치기국수,Kotdeungchigiguksu,Buckwheat Noodles with Potato Balls,じゃがいも団子入りそば,土豆粉团荞麦面,土豆粉團蕎麥麵
코다리냉면,kodarinaengmyeon,Cold Buckwheat Noodles with Half-dried Pollak,半干しスケトウダラ入り冷麺,半干明太鱼冷面,半乾明太魚冷面
칼국수,Kalguksu,Noodle Soup,カルグクス,刀切面,刀切麵
칡냉면,chingnaengmyeon,Cold Arrow Root Noodles,葛冷麺,葛粉冷面,葛粉冷面
초계국수,Chogyeguksu,Cold Chicken Noodles,チョゲグクス,醋鸡面,醋雞麵
쫄면,jjolmyeon,Spicy Chewy Noodles,チョルミョン,辣拌筋面,辣拌筋面
진주냉면,Jinjunaengmyeon,Jinju Cold Buckwheat Noodles,チンジュ冷麺,晋州冷面,晉州冷面
쟁반국수,Jaengbanguksu,Jumbo-sized Buckwheat Noodles,大皿そば,大盘荞麦面,大盤蕎麥麵
잔치국수,Janchiguksu,Banquet Noodles,にゅうめん,喜面,喜麵
온면,onmyeon,Warm Noodles,温麺,温面,溫面
열무비빔국수,yeolmubibimguksu,Spicy Noodles with Young Summer Radish Kimchi,大根若菜混ぜ素麺,萝卜缨辛奇面,蘿蔔纓辛奇面
열무냉면,Yeolmunaengmyeon,Buckwheat Noodles with YoungSummer Radish Kimchi,大根若菜キムチ冷麺,萝卜缨辛奇冷面,蘿蔔纓辛奇冷面
열무국수,Yeolmuguksu,Young Summer Radish KimchiNoodles,大根若菜キムチ素麺,萝卜缨辛奇面,蘿蔔纓辛奇麵
얼큰칼국수,eolkeunkalguksu,Spicy Noodle Soup,ピリ辛カルグクス,香辣刀切面,香辣刀切面
얼큰수제비,eolkeunsujebi,Spicy Hand-pulled Dough Soup,ピリ辛 すいとん,香辣面片汤,香辣面片湯
어탕국수,eotangguksu,Noodle in Fish Stew,魚スープの素麺,鱼汤面,魚湯麵
안동국시,Andongguksi,Andong Noodle,アンドン素麺,安东面,安東面
수제비,Sujebi,Hand-pulled Dough Soup,すいとん,面片汤,麵片湯
비빔냉면,Bibimnaengmyeon,Spicy Buckwheat Noodles,混ぜ冷麺,拌冷面,拌冷麵
비빔국수,Bibimguksu,Spicy Noodles,混ぜ素麺,拌面,拌麵
바지락칼국수,Bajirakkalguksu,Noodle Soup with Clams,アサリカルグクス,蛤蜊刀切面,蛤蜊刀切麵
물냉면,Mulnaengmyeon,Cold Buckwheat Noodles,水冷麺,冷面,冷麵
매생이굴칼국수,maesaengigulkalguksu,Noodle Soup with Seaweed Fulvescens and Oyster,カプサアオノリとカキのカルグクス,海藻牡蛎刀切面,海藻牡蠣刀切面
막국수,Makguksu,Buckwheat Noodles,混ぜそば,荞麦凉面,蕎麥涼麵
떡국,Tteokguk,Sliced Rice Cake Soup,トックク,年糕汤,年糕湯
들깨칼국수,deulkkaekalguksu,Noodle Soup with Perilla Seeds,エゴマカルグクス,紫苏籽刀切面,紫蘇籽刀切面
들깨수제비,deulkkaesujebi,Hand-pulled Dough in Perilla Seed Soup,エゴマすいとん,紫苏籽面片汤,紫蘇籽面片湯
동치미물냉면,dongchimimullaengmyeon,Cold Buckwheat Noodles with Radish Water Kimchi,大根の水キムチ冷麺,盐水萝卜冷面,鹽水蘿蔔冷面
닭칼국수,dakkalguksu,Noodle Soup with Chicken,鶏肉カルグクス,鸡肉刀切面,雞肉刀切面
느른국,Neureunguk,Buckwheat Noodle Soup,そばカルグクス,荞麦刀切面,蕎麥刀切麵
냉메밀국수,naengmemilguksu,Cold Buckwheat Noodles,冷そば,荞麦凉面,蕎麥涼麵
김치말이국수,Kimchimariguksu,Kimchi Noodles,キムチ混ぜ素麺,辛奇汤面,辛奇湯麵
곰국시,gomguksi,Beef Noodles,牛肉素麺,牛肉汤面,牛肉湯麵
고기국수,gogiguksu,Pork Noodles,肉素麺,猪肉汤面,豬肉湯麵
검정콩국수,geomjeongkongguksu,Noodles in Cold Black Soybean Soup,黒豆豆乳素麺,黑豆汁面,黑豆汁面
감자옹심이,Gamjaongsimi,Potato Ball Soup,じゃがいも団子スープ,土豆粉团汤,土豆粉團湯
감자수제비,Gamjasujebi,Hand-pulled Potato Dough Soup,じゃがいもすいとん,土豆面片汤,土豆麵片湯
흑임자죽,Heugimjajuk,Black Sesame Porridge,黒ごま粥,黑芝麻粥,黑芝麻粥
호박죽,Hobakjuk,Pumpkin Porridge,カボチャ粥,南瓜粥,南瓜粥
해물죽,haemuljuk,Seafood Porridge,海鮮粥,海鲜粥,海鮮粥
팥죽,Patjuk,Red Bean Porridge,小豆粥,红豆粥,紅豆粥
채소죽,Chaesojuk,Vegetable Porridge,野菜粥,蔬菜粥,蔬菜粥
참치죽,chamchijuk,Tuna Porriddge,ツナ粥,金枪鱼粥,金槍魚粥
전복죽,Jeonbokjuk,Abalone Porridge,アワビ粥,鲍鱼粥,鮑魚粥
전복내장죽,jeonboknaejangjuk,Abalone Intestine Porridge,アワビの内臓粥,鲍鱼内脏粥,鮑魚內臟粥
잣죽,Jatjuk,Pine Nut Porridge,松の実粥,松仁粥,松仁粥
어죽,eojuk,Fish Porridge,魚粥,鱼粥,魚粥
소고기버섯죽,sogogibeoseotjuk,Beef and Mushroom Porridge,牛肉ときのこ粥,牛肉蘑菇粥,牛肉蘑菇粥
삼계죽,Samgyejuk,Ginseng and Chicken Porridge,鶏肉と高麗人蔘のお粥,参鸡粥,蔘雞粥
버섯죽,beoseotjuk,Mushroom Porridge,きのこ粥,蘑菇粥,蘑菇粥
버섯옥수수죽,Beoseotoksusujuk,Mushroom and Corn Porridge,きのこととうもろこしのお粥,蘑菇玉米粥,蘑菇玉米粥
백합죽,baekhapjuk,Hard Clam Porridge,カガミガイ粥,白蛤粥,白蛤粥
바지락죽,bajirakjuk,Clam Porridge,アサリ粥,蛤蜊粥,蛤蜊粥
녹두죽,nokdujuk,Mung Bean Porridge,緑豆粥,绿豆粥,綠豆粥
게살죽,gesaljuk,Crab Porridge,カニ肉粥,蟹肉粥,蟹肉粥
회덮밥,Hoedeopbap,Raw Fish Bibimbap,刺身丼,生鱼片盖饭,生魚片蓋飯
황태구이덮밥,Hwangtaeguideopbap,Grilled Dried Pollack with Rice,焼きスケトウダラ丼,烤干明太鱼盖饭,烤幹明太魚蓋飯
헛제삿밥,heotjesatbap,Bibimbap with Soy Sauce,カンジャンビビンバ,祭祀菜拌饭,祭祀菜拌飯
콩나물밥,Kongnamulbap,Bean Sprout Rice,豆もやしご飯,豆芽饭,豆芽飯
콩나물국밥,Kongnamulgukbap,Bean Sprout and Rice Soup,豆もやしクッパ,豆芽汤饭,豆芽湯飯
치즈김밥,cheese gimbap,Cheese Gimbap,チーズキンパプ,奶酪紫菜卷饭,奶酪紫菜捲飯
충무김밥,Chungmugimbap,Chungmu Gimbap,チュンムキンパプ,忠武紫菜卷饭,忠武紫菜捲飯
참치김밥,chamchigimbap,Tuna Gimbap,ツナキンパプ,金枪鱼紫菜卷饭,金槍魚紫菜捲飯
진주비빔밥,Jinjubibimbap,Jinju Bibimbap,チンジュビビンバ,晋州拌饭,晉州拌飯
주먹밥,Jumeokbap,Riceballs,おにぎり,饭团,飯糰
제육쌈밥,jeyukssambap,Spicy Stir-fried Pork Leaf Wraps and Rice,豚肉炒め野菜包みご飯,辣炒猪肉包饭,辣炒豬肉包飯
제육비빔밥,Jeyukbibimbap,Spicy Pork Bibimbap,豚肉炒めビビンバ,辣炒猪肉拌饭,辣炒豬肉拌飯
제육덮밥,Jeyukdeopbap,Spicy Stir-fried Pork with Rice,豚肉炒め丼,辣炒猪肉盖饭,辣炒豬肉蓋飯
전주비빔밥,Jeonjubibimbap,Jeonju Bibimbap,チョンジュビビンバ,全州拌饭,全州拌飯
전복돌솥밥,jeonbokdolsotbap,Abalone Hot Stone Pot Rice,アワビの釜飯,鲍鱼石锅饭,鮑魚石鍋飯
장어덮밥,Jangeodeopbap,Stir-fried Eel with Rice,ウナギ丼,鳗鱼盖饭,鰻魚蓋飯
장국밥,janggukbap,Beef and Rice Soup,チャンクッパ,牛肉汤饭,牛肉湯飯
잡채덮밥,Japchaedeopbap,Stir-fried Glass Noodles and Vegetables with Rice,チャプチェ丼,什锦炒粉丝盖饭,什錦拌粉絲蓋飯
잡곡밥,Japgokbap,Steamed Multi-grain Rice,雑穀ご飯,杂粮饭,雜糧飯
육회비빔밥,Yukhoebibimbap,Beef Tartare Bibimbap,ユッケビビンバ,生牛肉拌饭,生牛肉拌飯
육회돌솥비빔밥,yukhoedolsotbibimbap,Beef Tartare Hot Stone Pot Bibimbap,ユッケ石焼きビビンバ,生牛肉石锅拌饭,生牛肉石鍋拌飯
우렁쌈밥,ureongssambap,Freshwater Snail Leaf Wraps and Rice,タニシ入り野菜包みご飯,田螺包饭,田螺包飯
우렁된장비빔밥,Ureongdoenjangbibimbap,Freshwater Snail Soybean PasteBibimbap,タニシ入りテンジャンビビンバ,田螺大酱拌饭,田螺大醬拌飯
우거지사골국밥,Ugeojisagolgukbap,Kimchi Cabbage and Rice Soup,白菜入り牛骨クッパ,干白菜牛骨汤饭,乾白菜牛骨湯飯
오징어덮밥,Ojingeodeopbap,Spicy Stir-fried Squid with Rice,イカ炒め丼,鱿鱼盖饭,魷魚蓋飯
오분작돌솥밥,obunjakdolsotbap,Small Abalone Hot Stone Pot Rice,トコブシの釜飯,小鲍鱼石锅饭,小鮑魚石鍋飯
오곡밥,Ogokbap,Steamed Five-grain Rice,五穀ご飯,五谷饭,五穀飯
영양돌솥밥,Yeongyangdolsotbap,Nutritious Hot Stone Pot Rice,栄養釜飯,营养石锅饭,營養石鍋飯
열무비빔밥,yeolmubibimbap,Young Summer Radish Bibimbap,大根若菜ビビンバ,萝卜缨辛奇拌饭,蘿蔔纓辛奇拌飯
연잎밥,yeonnipbap,Lotus Leaf Rice,蓮の葉ご飯 ,荷叶饭,荷葉飯
양푼비빔밥,yangpunbibimbap,Large Brass Bowl Bibimbap,ヤンプンビビンバ,铜盆拌饭,銅盆拌飯
알밥,albap,Fish Roe Rice,魚の卵ご飯,鱼子饭,魚子飯
쌈밥,Ssambap,Leaf Wraps and Rice,野菜包みご飯,蔬菜包饭,蔬菜包飯
순대국밥,Sundaegukbap,Blood Sausage and Rice Soup,スンデクッパ,血肠汤饭,血腸湯飯
송어덮밥,Songeodeopbap,Stir-fried Trout with Rice,マス丼,鳟鱼盖饭,鱒魚蓋飯
소머리국밥,Someorigukbap,Beef Head Meat and Rice Soup,牛の頭部肉クッパ,牛头肉汤饭,牛頭肉湯飯
소고기김밥,sogogigimbap,Beef Gimbap,牛肉キンパプ,牛肉紫菜卷饭,牛肉紫菜捲飯
소고기국밥,Sogogigukbap,Beef and Rice Soup,牛肉クッパ,牛肉汤饭,牛肉湯飯
샐러드김밥,salad gimbap,Salad Gimbap,サラダキンパプ,沙拉紫菜卷饭,沙拉紫菜捲飯
새싹비빔밥,Saessakbibimbap,Sprout Bibimbap,スプラウトビビンバ,嫩芽拌饭,嫩芽拌飯
삼선비빔밥,Samseonbibimbap,Three-delicacy Bibimbap,三鮮ビビンバ,三鲜拌饭,三鮮拌飯
산채비빔밥,Sanchaebibimbap,Wild Vegetable Bibimbap,山菜ビビンバ,山菜拌饭,山菜拌飯
비빔밥,Bibimbap,Bibimbap,ビビンバ,拌饭,拌飯
불고기덮밥,Bulgogideopbap,Bulgogi with Rice,プルゴギ丼 醤,烤牛肉盖饭,烤牛肉蓋飯
보리밥,Boribap,steamed-barelyrice,麦ご飯,大麦饭,大麥飯
밥,Bap,Steamed Rice,ご飯,米饭,米飯
묵밥,Mukbap,Chilled Acorn Jelly and Rice Soup,どんぐりこんにゃく入りクッパ,凉粉汤饭,涼粉湯飯
메밀감자비빔밥,Memilgamjabibimbap,Buckwheat and Potato Bibimbap,そばとじゃがいものビビンバ,土豆拌饭荞麦卷饼,土豆拌飯蕎麥卷餅
멍게비빔밥,Meonggebibimbap,Sea Pineapple Bibimbap,ホヤビビンバ,海鞘拌饭,海鞘拌飯
따로국밥,Ttarogukbap,Rice and Soup,タロクッパ,汤加饭,湯加飯
돼지국밥,Dwaejigukbap,Pork and Rice Soup,豚肉クッパ,猪肉汤饭,豬肉湯飯
돌솥비빔밥,Dolsotbibimbap,Hot Stone Pot Bibimbap,石焼きビビンバ,石锅拌饭,石鍋拌飯
대나무통밥,daenamutongbap,Steamed Rice in Bamboo Tube,竹筒ご飯 ,竹筒饭,竹筒飯
누룽지,Nurungji,Scorched Rice,おこげ湯,锅巴粥,鍋巴粥
낙지덮밥,Nakjideopbap,,テナガダコ丼,章鱼盖饭,章魚蓋飯
김치볶음밥,Kimchibokkeumbap,Kimchi Fried Rice,キムチチャーハン,辛奇炒饭,辛奇炒飯
김치김밥,kimchigimbap,Kimchi Gimbap,キムチキンパプ,辛奇紫菜卷饭,辛奇紫菜捲飯
김밥,gimbap,Gimbap,キンパプ,紫菜卷饭,紫菜捲飯
굴밥,gulbap,Oyster Rice,カキご飯,牡蛎饭,牡蠣飯
굴국밥,Gulgukbap,Oyster and Rice Soup,カキクッパ,牡蛎汤饭,牡蠣湯飯
곤드레나물밥,Gondeurenamulbap,Thistle Rice,コンドゥレナムルご飯,山蓟菜饭,山薊菜飯
한정식,Hanjeongsik,Korean Table d'hote,韓定食,韩定食 (韩式套餐),韓定食
쌈밥 정식,ssambapjeongsik,Leaf Wraps and Rice Combo,野菜包みご飯定食,蔬菜包饭套餐,蔬菜包飯套餐
산채 정식,sanchaejeongsik,Wild Vegetable Dish Combo,山菜定食,山菜套餐,山菜套餐
백반,baekban,Combination Meals,定食,家常套餐,家常套餐
한식,,Hansik(Korean)
양식,,Western
일식,,Japanese
중식,,Chinese
그 외,,Others